Date,Category,Description,Amount
01-09-2026,Food,Lunch,150
01-09-2026,Transport,Bus,40
02-09-2026,Food,Breakfast,80
02-09-2026,Entertainment,Movie,300
03-09-2026,Shopping,Clothes,1200
03-09-2026,Transport,Auto,100
04-09-2026,Food,Dinner,250
05-09-2026,Education,Notebook,120
05-09-2026,Transport,Bus,40
06-09-2026,Food,Lunch,180
07-09-2026,Bills,Mobile Recharge,399
07-09-2026,Food,Dinner,220
08-09-2026,Transport,Auto,120
09-09-2026,Shopping,Shoes,1500
10-09-2026,Food,Breakfast,90
10-09-2026,Entertainment,Cafe,250
11-09-2026,Transport,Bus,40
12-09-2026,Health,Medicine,350
13-09-2026,Food,Lunch,160
14-09-2026,Shopping,Accessories,500
15-09-2026,Bills,Internet Bill,699
16-09-2026,Transport,Auto,100
17-09-2026,Food,Dinner,280
18-09-2026,Education,Books,450
19-09-2026,Entertainment,Game,200
20-09-2026,Food,Lunch,170
21-09-2026,Transport,Bus,40
22-09-2026,Shopping,Bag,900
23-09-2026,Food,Dinner,240
24-09-2026,Health,Doctor,500
25-09-2026,Transport,Auto,100
26-09-2026,Food,Breakfast,100
27-09-2026,Entertainment,Cafe,220
28-09-2026,Bills,Electricity Bill,850
29-09-2026,Food,Lunch,180
30-09-2026,Transport,Bus,40