Date,Category,Description,Amount,Category_Percentage
01-09-2026,Food,Lunch,150,18.82
01-09-2026,Transport,Bus,40,5.56
02-09-2026,Food,Breakfast,80,18.82
02-09-2026,Entertainment,Movie,300,8.69
03-09-2026,Shopping,Clothes,1200,36.74
03-09-2026,Transport,Auto,100,5.56
04-09-2026,Food,Dinner,250,18.82
05-09-2026,Education,Notebook,120,5.11
05-09-2026,Transport,Bus,40,5.56
06-09-2026,Food,Lunch,180,18.82
07-09-2026,Bills,Mobile Recharge,399,17.46
07-09-2026,Food,Dinner,220,18.82
08-09-2026,Transport,Auto,120,5.56
09-09-2026,Shopping,Shoes,1500,36.74
10-09-2026,Food,Breakfast,90,18.82
10-09-2026,Entertainment,Cafe,250,8.69
11-09-2026,Transport,Bus,40,5.56
12-09-2026,Health,Medicine,350,7.62
13-09-2026,Food,Lunch,160,18.82
14-09-2026,Shopping,Accessories,500,36.74
15-09-2026,Bills,Internet Bill,699,17.46
16-09-2026,Transport,Auto,100,5.56
17-09-2026,Food,Dinner,280,18.82
18-09-2026,Education,Books,450,5.11
19-09-2026,Entertainment,Game,200,8.69
20-09-2026,Food,Lunch,170,18.82
21-09-2026,Transport,Bus,40,5.56
22-09-2026,Shopping,Bag,900,36.74
23-09-2026,Food,Dinner,240,18.82
24-09-2026,Health,Doctor,500,7.62
25-09-2026,Transport,Auto,100,5.56
26-09-2026,Food,Breakfast,100,18.82
27-09-2026,Entertainment,Cafe,220,8.69
28-09-2026,Bills,Electricity Bill,850,17.46
29-09-2026,Food,Lunch,180,18.82
30-09-2026,Transport,Bus,40,5.56
